id	name	english	cns	ins	func	usage_scope	max_dosage
83	4-己基间苯二酚	4-hexylresorcinol	04.013	586	抗氧化剂	鲜水产	部分类别按生产需要适量使用
21	5’-呈味核苷酸二钠（又名呈味核苷酸二钠）	disodium 5'-ribonucleotide	12.004	635	增味剂	—、茶、蔬菜、酱油、果泥、糕点、糟蛋、食醋等	部分类别按生产需要适量使用
81	5’-肌苷酸二钠	disodium 5'-inosinate	12.003	631	增味剂	—、茶、蔬菜、酱油、果泥、糕点、糟蛋、食醋等	部分类别按生产需要适量使用
157	5’-鸟苷酸二钠	disodium 5'-guanylate	12.002	627	增味剂	—、茶、蔬菜、酱油、果泥、糕点、糟蛋、食醋等	部分类别按生产需要适量使用
53	D-甘露糖醇	D-mannitol	19.017	421	甜味剂、乳化剂、膨松剂、稳定剂、增稠剂	糖果、胶基糖果、除胶基糖果以外的其他糖果	部分类别按生产需要适量使用
265	D-异抗坏血酸及其钠盐（包括D-异抗坏血酸，D-异抗坏血酸钠）	D-isoascorbic acid (erythorbic acid), sodium D-isoascorbate	04.004,04.018	315,316	抗氧化剂、护色剂	—、茶、蔬菜、酱油、果泥、糕点、糟蛋、食醋等	≤0.15 g/kg；部分类别按生产需要适量使用
169	DL-苹果酸	DL -malic acid	01.309	296	酸度调节剂	—、茶、蔬菜、酱油、果泥、糕点、糟蛋、食醋等	部分类别按生产需要适量使用
166	DL-苹果酸钠	sodium DL-malate	01.314	350（ii）	酸度调节剂	—、茶、蔬菜、酱油、果泥、糕点、糟蛋、食醋等	部分类别按生产需要适量使用
8	L-半胱氨酸盐酸盐	L-cysteine hydrochlorides sodium and potassium salts	13.003	920	面粉处理剂	生湿面制品、发酵面制品、冷冻米面制品	0.06~0.6 g/kg
14	L-丙氨酸	L-alanine	12.006	—	增味剂	—、酱油、食醋、调味酱、调味汁、调味品、酿造酱、浓缩汤等	部分类别按生产需要适量使用
94	L（+）-酒石酸，dl-酒石酸	L (+)-tartaric acid, dl-tartaric acid	01.111,01.313	334,—	酸度调节剂	茶、面糊、糖果、咖啡、葡萄酒、果蔬汁、植物饮料、胶基糖果等	2~30 g/kg
167	L-苹果酸	L-malic acid	01.104	—	酸度调节剂	—、茶、蔬菜、酱油、果泥、糕点、糟蛋、食醋等	部分类别按生产需要适量使用
168	L-苹果酸钠	L- (-)-malic acid disodium salt	01.315	—	酸度调节剂	—、茶、蔬菜、酱油、果泥、糕点、糟蛋、食醋等	部分类别按生产需要适量使用
78	α-环状糊精	alpha -cyclodextrin	18.011	457	稳定剂、增稠剂	—、茶、蔬菜、酱油、果泥、糕点、糟蛋、食醋等	部分类别按生产需要适量使用
2	β－阿朴－8’－胡萝卜素醛	β-apo-8’-carotenal	08.018	160e	着色剂	茶、—、月饼、糕点、蛋卷、糖果、咖啡、面包等	0.005~0.02 g/kg
71	β-胡萝卜素	beta-carotene synthetic, beta-carotene, Blakeslea trispora, beta-carotene, algal	08.010	160a(i),160a(iii),160a(iv)	着色剂	—、茶、糕点、蜜饯、饼干、黄酒、面糊、月饼等	0.02~20 g/kg
80	β-环状糊精	beta-cyclodextrin	20.024	459	增稠剂、其他	茶、—、咖啡、肉松类、果蔬汁、肉干类、糟肉类、肉丸类等	0.5~20 g/kg
79	γ-环状糊精	gamma-cyclodextrin	18.012	458	稳定剂、增稠剂	—、茶、蔬菜、酱油、果泥、糕点、糟蛋、食醋等	部分类别按生产需要适量使用
102	ε-聚赖氨酸	ε-polylysine	17.037	—	防腐剂	—、月饼、糕点、蛋卷、面包、饼干、肉松类、果蔬汁等	0.15~0.25 g/kg
103	ε-聚赖氨酸盐酸盐	ε-polylysine hydrochloride	17.038	—	防腐剂	—、茶、蔬菜、酱油、果泥、食醋、蜜饯、米粉等	0.2~0.5 g/kg
1	阿拉伯胶	arabic gum	20.008	414	增稠剂、其他	—、茶、蔬菜、酱油、果泥、糕点、糟蛋、食醋等	部分类别按生产需要适量使用
222	阿力甜（又名L-α-天冬氨酰-N-（2，2，4，4-四甲基-3-硫化三亚甲基）-D-丙氨酰胺）	alitame	19.013	956	甜味剂	茶、—、果冻、咖啡、饮料类、果蔬粉、果蔬汁、话化类等	0.1~0.3 g/kg；部分类别按生产需要适量使用
3	爱德万甜（又名N-{N-[3-（3-羟基-4-甲氧基苯基）丙基]-L-α-天冬氨酰}-L-苯丙氨酸-1-甲酯）	advantame(N-[N-[3-(3-hydroxy-4-methoxyphenyl) propyl]-L-α-aspartyl]-L-phenylalanine 1-methyl ester)	19.026	969	甜味剂	—、茶、果泥、蜜饯、果冻、糖果、果酱、咖啡等	0.0004~0.12 g/kg；部分类别按生产需要适量使用
4	氨基乙酸（又名甘氨酸）	glycine	12.007	640	增味剂	—、酱油、食醋、肉松类、调味酱、果蔬汁、调味汁、调味品等	1~3 g/kg
5	铵磷脂	ammonium phosphatide	10.033	442	乳化剂	巧克力和巧克力制品、除05.01.01以外的可可制品	≤10 g/kg
6	巴西棕榈蜡	carnauba wax	14.008	903	被膜剂、抗结剂	糖果、新鲜水果、可可制品、胶基糖果、装饰糖果、未经加工的鲜水果、经表面处理的鲜水果、去皮或预切的鲜水果等	0.0004~0.6 g/kg
7	白油（又名液体石蜡）	mineral oil, white (liquid paraffin)	14.003	905a	被膜剂	鲜蛋、除胶基糖果以外的其他糖果	≤5 g/kg
9	半乳甘露聚糖	galactomannan	00.014	—	其他	—、茶、蔬菜、酱油、果泥、糕点、糟蛋、食醋等	部分类别按生产需要适量使用
13	冰结构蛋白	ice structuring protein	00.020	—	其他	—、冷冻饮品、其他冷冻饮品、冰淇淋、雪糕类、风味冰、冰棍类	部分类别按生产需要适量使用
12	冰乙酸（低压羰基化法）	acetic acid	01.112	—	酸度调节剂	—、茶、蔬菜、酱油、果泥、糕点、糟蛋、蜜饯等	部分类别按生产需要适量使用
11	冰乙酸（又名冰醋酸）	acetic acid	01.107	260	酸度调节剂	—、茶、蔬菜、酱油、果泥、糕点、糟蛋、蜜饯等	部分类别按生产需要适量使用
15	丙二醇	propylene glycol	18.004	1520	稳定剂和凝固剂、抗结剂、乳化剂、水分保持剂、增稠剂	月饼、糕点、西式糕点、中式糕点、糕点上彩装、生湿面制品	1.5~3 g/kg
16	丙二醇脂肪酸酯	propylene glycol esters of fatty acids	10.020	477	乳化剂、稳定剂	—、月饼、糕点、调味酱、调味汁、淡炼乳、调制乳、浓缩汤等	2~20 g/kg
17	丙酸及其钠盐、钙盐（包括丙酸，丙酸钠，丙酸钙）	propionic acid, sodium propionate, calcium propionate	17.029,17.006,17.005	280,281,282	防腐剂	月饼、酱油、糕点、食醋、面包、原粮、豆干类、调味汁等	0.25~3 g/kg
18	茶多酚（又名维多酚，简称“TP”）	tea polyphenol (TP)	04.005	—	抗氧化剂	—、月饼、糕点、果酱、调味酱、调味汁、植物油、糟肉类等	0.1~0.8 g/kg
19	茶多酚棕榈酸酯	tea polyphenol palmitate	04.021	—	抗氧化剂	植物油、动物油脂、植物油脂、氢化植物油、无水黄油，无水乳脂、基本不含水的脂肪和油	≤0.6 g/kg
20	茶黄素	theaflavins	04.023	—	抗氧化剂	—、糕点、饼干、月饼、果冻、面包、蛋卷、调味酱等	0.1~0.8 g/kg
22	赤藓红及其铝色淀（包括赤藓红，赤藓红铝色淀）	erythrosine, erythrosine aluminum lake	08.003	127	着色剂	—、糖果、调味酱、果蔬汁、调味汁、配制酒、酿造酱、浓缩汤等	0.015~0.1 g/kg
23	赤藓糖醇	erythritol	19.018	968	甜味剂	—、茶、蔬菜、酱油、果泥、糕点、糟蛋、食醋等	部分类别按生产需要适量使用
24	刺梧桐胶	karaya gum	18.010	416	稳定剂	人造黄油、水油状脂肪乳化制品、脂肪含量80%以上的乳化制品、脂肪含量80%以下的乳化制品	部分类别按生产需要适量使用
25	刺云实胶	tara gum	20.041	417	增稠剂	—、茶、糕点、饼干、月饼、果冻、果酱、面包等	1.5~10 g/kg
26	醋酸酯淀粉	starch acetate	20.039	1420	增稠剂	—、茶、蔬菜、酱油、果泥、糕点、糟蛋、食醋等	部分类别按生产需要适量使用
27	达瓦树胶	ghatti gum	10.043	419	乳化剂	其他特殊膳食用食品	≤3 g/kg
28	单，双甘油脂肪酸酯	mono-and diglycerides of fatty acids	10.006	471	乳化剂、被膜剂	—、茶、酒类、皮蛋、月饼、花粉、水果、果泥等	5~30 g/kg；部分类别按生产需要适量使用
29	单辛酸甘油酯	capryl monoglyceride	17.031	—	防腐剂	月饼、糕点、西式糕点、中式糕点、肉灌肠类、糕点上彩装、生湿面制品、焙烤食品馅料及表面用挂浆	0.5~1 g/kg
30	氮气（液氮）	nitrogen	00.024	—	其他	茶、咖啡、含乳饮料、植物饮料、蛋白饮料、风味发酵乳、乳酸菌饮料、植物蛋白饮料等	部分类别按生产需要适量使用
31	淀粉磷酸酯钠（又名淀粉磷酸酯，磷酸酯淀粉，单淀粉磷酸酯）	sodium starch phosphate (monostarch phosphate)	20.013	1410	增稠剂	茶、—、酱油、食醋、咖啡、果酱、调味酱、饮料类等	部分类别按生产需要适量使用
32	靛蓝及其铝色淀（包括靛蓝，靛蓝铝色淀）	indigotine, indigotine aluminum lake	08.008	132	着色剂	糖果、果蔬汁、配制酒、膨化食品、胶基糖果、碳酸饮料、风味饮料、装饰糖果等	0.01~0.3 g/kg
34	对羟基苯甲酸酯类及其钠盐（包括对羟基苯甲酸甲酯钠，对羟基苯甲酸乙酯，对羟基苯甲酸乙酯钠）	p-hydroxy benzoates and its salts (sodium methyl p-hydroxy benzoate, ethyl p-hydroxy benzoate, sodium ethyl p-hydroxy benzoate)	17.032,17.007,17.036	219,214,215	防腐剂	酱油、食醋、果酱、调味酱、果蔬汁、调味汁、酿造酱、浓缩汤等	0.012~0.5 g/kg
37	二甲基二碳酸盐（又名维果灵）	dimethyl dicarbonate	17.033	242	防腐剂	茶、果蔬汁、碳酸饮料、风味饮料、其他类饮料、特殊用途饮料、果蔬固体饮料、茶类固体饮料等	≤0.25 g/kg
38	二氧化硅	silicon dioxide	02.004	551	抗结剂	—、面糊、原粮、果蔬粉、固体饮料、香辛料酱、香辛料油、速溶咖啡等	0.5~20 g/kg
39	二氧化硫及亚硫酸盐（包括二氧化硫，焦亚硫酸钾，焦亚硫酸钠，亚硫酸钠，亚硫酸氢钠，低亚硫酸钠）	sulfur dioxide, potassium metabisulphite, sodium metabisulphite, sodium sulfite, sodium hydrogen sulfite, sodium hyposulfite	05.001,05.002,05.003,05.004,05.005,05.006	220,224,223,221,222 ,—	漂白剂、防腐剂、抗氧化剂	—、果酒、蛋卷、蜜饯、糖果、果酱、饼干、葡萄酒等	0.01~0.4 g/kg
40	二氧化钛	titanium dioxide	08.011	171	着色剂	—、其他、果冻、果酱、果蔬粉、话化类、固体饮料、膨化食品等	0.5~10 g/kg；部分类别按生产需要适量使用
41	二氧化碳	carbon dioxide	17.014	290	防腐剂、其他	茶、—、咖啡、饮料类、果蔬粉、果蔬汁、配制酒、固体饮料等	部分类别按生产需要适量使用
42	番茄红	tomato red	08.150	—	着色剂	茶、—、咖啡、调味酱、饮料类、果蔬粉、果蔬汁、固体饮料等	0.006~0.25 g/kg
43	番茄红素	lycopene, synthetic, lycopene, Blakeslea trispora	08.017	160d(i),160d(iii)	着色剂	茶、—、月饼、果冻、糕点、蛋卷、糖果、咖啡等	0.015~0.39 g/kg
44	蜂蜡	beeswax	14.013	901	被膜剂	糖果、胶基糖果、糖果和巧克力制品包衣、除胶基糖果以外的其他糖果	部分类别按生产需要适量使用
45	富马酸	fumaric acid	01.110	297	酸度调节剂	月饼、糕点、蛋卷、面包、饼干、果蔬汁、西式糕点、中式糕点等	0.3~8 g/kg；部分类别按生产需要适量使用
46	富马酸一钠	monosodium fumarate	01.311	365	酸度调节剂	—、茶、糕点、饼干、月饼、面包、蛋卷、咖啡等	部分类别按生产需要适量使用
47	改性大豆磷脂	modified soybean phospholipid	10.019	—	乳化剂	—、茶、蔬菜、酱油、果泥、糕点、糟蛋、食醋等	部分类别按生产需要适量使用
48	甘草抗氧化物	antioxidant of glycyrrhiza	04.008	—	抗氧化剂	蛋卷、饼干、植物油、糟肉类、白煮肉类、膨化食品、威化饼干、酱卤肉类等	≤0.2 g/kg
49	甘草酸盐（包括甘草酸铵，甘草酸一钾，甘草酸三钾）	ammonium glycyrrhizinate, monopotassium and tripotassium glycyrrhizinate	19.012,19.010,19.025	958	甜味剂	—、茶、酱油、食醋、蜜饯、饼干、糖果、蛋卷等	部分类别按生产需要适量使用
50	甘油（又名丙三醇）	glycerine (glycerol)	15.014	422	水分保持剂、乳化剂	—、茶、蔬菜、酱油、果泥、糕点、糟蛋、食醋等	部分类别按生产需要适量使用
51	柑橘黄	orange yellow	08.143	—	着色剂	—、茶、蔬菜、酱油、果泥、糕点、糟蛋、食醋等	部分类别按生产需要适量使用
52	高粱红	sorghum red	08.115	—	着色剂	—、茶、蔬菜、酱油、果泥、糕点、糟蛋、食醋等	部分类别按生产需要适量使用
54	高锰酸钾	potassium permanganate	00.001	—	其他	食用淀粉	≤0.5 g/kg
56	谷氨酰胺转氨酶	glutamine transaminase	18.013	—	稳定剂和凝固剂	腐竹类、豆腐类、豆干类、腐乳类、熏制豆干、其他豆干、豆类制品、炸制豆干等	0.25~0.3 g/kg
57	瓜尔胶	guar gum	20.025	412	增稠剂	—、茶、蔬菜、酱油、果泥、糕点、糟蛋、食醋等	≤1 g/kg；部分类别按生产需要适量使用
58	硅酸钙	calcium silicate	02.009	552	抗结剂	—、粉圆、藕粉、食糖、调味酱、干酵母、果蔬粉、调味汁等	部分类别按生产需要适量使用
59	果胶	pectins	20.006	440	乳化剂、稳定剂、增稠剂	—、茶、酒类、皮蛋、月饼、花粉、水果、果泥等	≤3 g/kg；部分类别按生产需要适量使用
60	海藻酸丙二醇酯	propylene glycol alginate	20.010	405	增稠剂、乳化剂、稳定剂	—、茶、糕点、粉圆、月饼、果酱、面包、咖啡等	0.3~8 g/kg
61	海藻酸钙（又名褐藻酸钙）	calcium alginate	20.046	404	增稠剂、稳定剂和凝固剂	—、面包、油炸面制品、小麦粉制品、发酵面制品、其他小麦粉制品	≤5 g/kg
62	海藻酸钾（又名褐藻酸钾）	potassium alginate	20.005	402	增稠剂	—、茶、蔬菜、酱油、果泥、糕点、糟蛋、食醋等	部分类别按生产需要适量使用
63	海藻酸钠（又名褐藻酸钠）	sodium alginate	20.004	401	增稠剂、稳定剂	—、茶、蔬菜、酱油、果泥、糕点、糟蛋、食醋等	≤10 g/kg；部分类别按生产需要适量使用
64	核黄素	riboflavin	08.148	101(i),101(iii)	着色剂	固体汤料、鸡精、鸡粉、其他杂粮制品、方便米面制品、固体复合调味料、其他固体复合调味料	0.05~0.3 g/kg
65	黑豆红	black bean red	08.114	—	着色剂	糖果、果蔬汁、配制酒、风味饮料、胶基糖果、糕点上彩装、果蔬固体饮料、果味风味固体饮料等	≤0.8 g/kg
66	黑加仑红	black currant red	08.122	163(iii)	着色剂	果酒、碳酸饮料、糕点上彩装、固体碳酸饮料、可乐型碳酸饮料、其他型碳酸饮料、其他型固体碳酸饮料、可乐型固体碳酸饮料	≤0.3 g/kg；部分类别按生产需要适量使用
67	红花黄	carthamins yellow	08.103	—	着色剂	—、酱油、果冻、食醋、蜜饯、糖果、调味酱、果蔬汁等	0.2~0.5 g/kg
68	红米红	red rice red	08.111	—	着色剂	—、糖果、配制酒、调制乳、冷冻饮品、含乳饮料、胶基糖果、乳酸菌饮料等	部分类别按生产需要适量使用
69	红曲黄色素	monascus yellow pigment	08.152	—	着色剂	—、月饼、果冻、糕点、卤蛋、肉松类、果蔬粉、果蔬汁等	部分类别按生产需要适量使用
70	红曲米，红曲红	red kojic rice, monascus red	08.119,08.120	—	着色剂	—、酱油、糕点、食醋、饼干、月饼、果冻、糖果等	0.8~1 g/kg；部分类别按生产需要适量使用
72	琥珀酸单甘油酯	succinylated monoglycerides	10.038	472g	乳化剂	茶、—、月饼、糕点、蛋卷、咖啡、面包、饼干等	2~20 g/kg
73	琥珀酸二钠	disodium succinate	12.005	364(ii)	增味剂	—、酱油、食醋、调味酱、调味汁、调味品、酿造酱、浓缩汤等	≤20 g/kg
74	花生衣红	peanut skin red	08.134	—	着色剂	蛋卷、饼干、糖果、碳酸饮料、威化饼干、其他饼干、肉灌肠类、胶基糖果等	0.1~0.4 g/kg
75	槐豆胶（又名刺槐豆胶）	carob bean gum	20.023	410	增稠剂	—、茶、蔬菜、酱油、果泥、糕点、糟蛋、食醋等	部分类别按生产需要适量使用
82	己二酸	adipic acid	01.109	355	酸度调节剂	—、果冻、果蔬粉、固体饮料、胶基糖果、速溶咖啡、蛋白固体饮料、果蔬固体饮料等	0.01~4 g/kg
84	甲基纤维素	methyl cellulose	20.043	461	增稠剂	—、茶、蔬菜、酱油、果泥、糕点、糟蛋、食醋等	部分类别按生产需要适量使用
85	甲壳素（又名几丁质）	chitin	20.018	—	增稠剂、稳定剂	—、食醋、果酱、调味汁、浓缩汤、冷冻饮品、肉汤、骨汤、氢化植物油等	0.4~5 g/kg
86	姜黄	turmeric	08.102	100(ii)	着色剂	—、茶、酱油、糕点、食醋、粉圆、饼干、面糊等	0.01~1.2 g/kg；部分类别按生产需要适量使用
87	姜黄素	curcumin	08.132	100(i)	着色剂	—、面糊、果冻、糖果、调味酱、调味汁、浓缩汤、膨化食品等	0.01~0.7 g/kg；部分类别按生产需要适量使用
88	焦糖色（加氨生产）	caramel colour class Ⅲ-ammonia process	08.110	150c	着色剂	—、面糊、酱油、果冻、食醋、蛋卷、粉圆、糖果等	1~50 g/kg；部分类别按生产需要适量使用
89	焦糖色（苛性硫酸盐法）	caramel colour classⅡ-caustic sulfite	08.151	150b	着色剂	配制酒、威士忌、白兰地、朗姆酒	
90	焦糖色（普通法）	caramel colour classⅠ-plain	08.108	150a	着色剂	—、面糊、酱油、果冻、食醋、蛋卷、糖果、黄酒等	1.5~2.5 g/kg；部分类别按生产需要适量使用
91	焦糖色（亚硫酸铵法）	caramel colour class Ⅳ-ammonia sulphite process	08.109	150d	着色剂	—、茶、酱油、饼干、黄酒、面糊、糖果、蛋卷等	0.1~50 g/kg；部分类别按生产需要适量使用
92	结冷胶	gellan gum	20.027	418	增稠剂	—、茶、蔬菜、酱油、果泥、糕点、糟蛋、食醋等	部分类别按生产需要适量使用
93	金樱子棕	rose laevigata michx brown	08.131	—	着色剂	月饼、糕点、配制酒、碳酸饮料、西式糕点、中式糕点、糕点上彩装、固体碳酸饮料等	0.2~1 g/kg
95	酒石酸氢钾	potassium bitartrate	06.007	336	膨松剂	—、月饼、糕点、蛋卷、面包、饼干、西式糕点、中式糕点等	部分类别按生产需要适量使用
96	酒石酸铁	iron tartrate	02.011	—	抗结剂	盐及代盐制品	≤0.106 g/kg
97	菊花黄浸膏	coreopsis yellow	08.113	—	着色剂	糖果、果蔬汁、风味饮料、胶基糖果、可可制品、装饰糖果、糕点上彩装、果蔬固体饮料等	≤0.3 g/kg
98	聚丙烯酸钠	sodium polyacrylate	20.036	—	增稠剂	—、茶、蔬菜、酱油、果泥、糕点、糟蛋、食醋等	部分类别按生产需要适量使用
99	聚二甲基硅氧烷及其乳液（包括聚二甲基硅氧烷，聚二甲基硅氧烷乳液）	polydimethyl siloxane and emulsion	03.007	900a	被膜剂	经表面处理的鲜水果、经表面处理的新鲜蔬菜	≤0.0009 g/kg
100	聚甘油蓖麻醇酸酯（简称“PGPR”）	polyglycerol polyricinoleate (polyglycerol esters of interesterified ricinoleic acid) (PGPR)	10.029	476	乳化剂、稳定剂	—、调味酱、人造黄油、可可制品、装饰糖果、调制稀奶油、蛋黄酱、沙拉酱、半固体复合调味料等	5~10 g/kg
101	聚甘油脂肪酸酯	polyglycerol esters of fatty acids (polyglycerol fatty acid esters)	10.022	475	乳化剂、稳定剂、增稠剂、抗结剂	—、茶、酱油、糕点、食醋、饼干、面糊、月饼等	5~20 g/kg
104	聚葡萄糖	polydextroses	20.022	1200	增稠剂、膨松剂、水分保持剂、稳定剂	—、茶、糕点、饼干、月饼、果冻、糖果、面包等	部分类别按生产需要适量使用
105	聚天冬氨酸钾	potassium polyaspartate	18.014	456	稳定剂和凝固剂	葡萄酒、调香葡萄酒、起泡葡萄酒、无汽葡萄酒、特种葡萄酒	
107	聚乙二醇	polyethylene glycol	14.012	1521	被膜剂	糖果和巧克力制品包衣	部分类别按生产需要适量使用
108	聚乙烯醇	polyvinyl alcohol	14.010	1203	被膜剂	糖果和巧克力制品包衣	≤18 g/kg
109	决明胶	cassia gum	20.045	427	增稠剂	—、月饼、糕点、蛋卷、面包、饼干、调味酱、调味汁等	1.5~3 g/kg
110	咖啡因	caffeine	00.007	—	其他	可乐型碳酸饮料	≤0.15 g/kg
112	抗坏血酸（又名维生素C）	ascorbic acid (vitamin C)	04.014	300	面粉处理剂、抗氧化剂	—、茶、酒类、皮蛋、月饼、花粉、水果、果泥等	0.2~5 g/kg；部分类别按生产需要适量使用
113	抗坏血酸钙	calcium ascorbate	04.009	302	抗氧化剂	—、茶、蔬菜、酱油、果泥、糕点、糟蛋、食醋等	≤1 g/kg；部分类别按生产需要适量使用
114	抗坏血酸钠	sodium ascorbate	04.015	301	抗氧化剂	—、茶、蔬菜、酱油、果泥、糕点、糟蛋、食醋等	部分类别按生产需要适量使用
115	抗坏血酸棕榈酸酯	ascorbyl palmitate	04.011	304	抗氧化剂	茶、面包、植物油、动物油脂、植物油脂、人造黄油、脂肪类甜品、氢化植物油等	0.05~0.2 g/kg
116	抗坏血酸棕榈酸酯（酶法）	ascorbyl palmitate (enzymatic)	04.024	304	抗氧化剂	茶、面包、植物油、动物油脂、植物油脂、人造黄油、脂肪类甜品、氢化植物油等	≤0.2 g/kg
117	可得然胶	curdlan	20.042	424	稳定剂和凝固剂、增稠剂	—、其他、果冻、粉圆、果酱、肉松类、果蔬粉、豆腐类等	部分类别按生产需要适量使用
118	可可壳色	cocao husk pigment	08.118	—	着色剂	—、月饼、糕点、蛋卷、糖果、面包、饼干、配制酒等	0.04~3 g/kg
119	可溶性大豆多糖	soluble soybean polysaccharide	20.044	—	增稠剂、乳化剂、被膜剂、抗结剂	—、茶、糕点、粉圆、饼干、月饼、面包、蛋卷等	5~10 g/kg
120	喹啉黄及其铝色淀（包括喹啉黄，喹啉黄铝色淀）	quinoline yellow, quinoline yellow aluminum lake	08.016	104	着色剂	配制酒、糖果和巧克力制品包衣	
121	辣椒橙	paprika orange	08.107	—	着色剂	—、月饼、糕点、蛋卷、糖果、饼干、肉松类、调味酱等	0.9~1 g/kg；部分类别按生产需要适量使用
122	辣椒红	paprika red	08.106	160c(ii)	着色剂	—、酱油、糕点、食醋、饼干、面糊、月饼、果冻等	0.9~2 g/kg；部分类别按生产需要适量使用
123	辣椒油树脂	paprika oleoresin	00.012	160c(i)	增味剂、着色剂	—、其他、豆干类、调味酱、调味汁、浓缩汤、膨化食品、炸制豆干等	1~10 g/kg；部分类别按生产需要适量使用
124	蓝锭果红	uguisukagura red	08.136	—	着色剂	—、月饼、糕点、糖果、果蔬汁、风味饮料、西式糕点、中式糕点等	1~3 g/kg
125	酪蛋白酸钠（又名酪朊酸钠）	sodium caseinate	10.002	—	乳化剂、其他	—、茶、蔬菜、酱油、果泥、糕点、糟蛋、食醋等	部分类别按生产需要适量使用
126	联苯醚（又名二苯醚）	diphenyl ether (diphenyl oxide)	17.022	—	防腐剂	经表面处理的鲜水果	≤3 g/kg
127	亮蓝及其铝色淀（包括亮蓝，亮蓝铝色淀）	brilliant blue, brilliant blue aluminum lake	08.007	133	着色剂	—、茶、粉圆、果冻、糖果、果酱、咖啡、调味酱等	0.01~0.5 g/kg
130	磷酸化二淀粉磷酸酯	phosphated distarch phosphate	20.017	1413	增稠剂	—、果酱、果蔬粉、固体饮料、速溶咖啡、生湿面制品、蛋白固体饮料、果蔬固体饮料等	0.2~1 g/kg
131	磷酸酯双淀粉	distarch phosphate	20.034	1412	增稠剂	—、茶、蔬菜、酱油、果泥、糕点、糟蛋、食醋等	部分类别按生产需要适量使用
132	磷脂	phospholipid	04.010	322	抗氧化剂、乳化剂	—、茶、蔬菜、酱油、果泥、糕点、糟蛋、食醋等	部分类别按生产需要适量使用
133	硫代二丙酸二月桂酯	dilauryl thiodipropionate	04.012	389	抗氧化剂	膨化食品、油炸面制品、熟制坚果与籽类、经表面处理的鲜水果、带壳熟制坚果与籽类、脱壳熟制坚果与籽类、经表面处理的新鲜蔬菜	≤0.2 g/kg
134	硫磺	sulfur (sulphur)	05.007	—	漂白剂、防腐剂	—、蜜饯、其他、果糕类、果脯类、话化类、水果干类、干制蔬菜等	0.03~0.9 g/kg
135	硫酸钙（又名石膏）	calcium sulfate	18.001	516	稳定剂和凝固剂、增稠剂、酸度调节剂	—、月饼、果冻、糕点、蛋卷、粉圆、藕粉、面包等	1.5~10 g/kg；部分类别按生产需要适量使用
136	硫酸铝钾（又名钾明矾），硫酸铝铵（又名铵明矾）	aluminium potassium sulfate, aluminium ammonium sulfate	06.004,06.005	522,523	膨松剂、稳定剂	月饼、面糊、糕点、蛋卷、面包、饼干、豆干类、豆腐类等	部分类别按生产需要适量使用
137	硫酸镁	magnesium sulfate	00.021	518	其他	其他类饮用水	
138	硫酸锌	zinc sulfate	00.018	—	其他	其他类饮用水	
139	硫酸亚铁	ferrous sulfate	00.022	—	其他	腐乳类、发酵豆制品、豆豉及其制品	
140	罗汉果甜苷	lo-han-kuo extract	19.015	—	甜味剂	—、茶、蔬菜、酱油、果泥、糕点、糟蛋、食醋等	部分类别按生产需要适量使用
141	罗望子多糖胶	tamarind polysaccharide gum	20.011	—	增稠剂	—、果冻、糖果、果酱、调味酱、果蔬汁、调味汁、果糕类等	2~20 g/kg
142	萝卜红	radish red	08.117	—	着色剂	—、月饼、果冻、糕点、食醋、糖果、果酱、调味酱等	部分类别按生产需要适量使用
143	氯化钙	calcium chloride	18.002	509	稳定剂和凝固剂、增稠剂、其他	其他、果酱、豆干类、豆腐类、腐乳类、腐竹类、稀奶油、蔬菜罐头等	0.4~1 g/kg；部分类别按生产需要适量使用
144	氯化钾	potassium chloride	00.008	508	其他	—、茶、蔬菜、酱油、果泥、糕点、糟蛋、食醋等	≤350 g/kg；部分类别按生产需要适量使用
145	氯化镁	magnesium chloride	18.003	511	稳定剂和凝固剂、增味剂	—、豆干类、调味酱、调味汁、豆腐类、腐乳类、浓缩汤、腐竹类等	部分类别按生产需要适量使用
146	吗啉脂肪酸盐果蜡	morpholine fatty acid salt (fruit wax)	14.004	—	被膜剂	经表面处理的鲜水果	部分类别按生产需要适量使用
147	麦芽糖醇，麦芽糖醇液	maltitol and maltitol syrup	19.005,19.022	965(i),965(ii)	甜味剂、稳定剂、水分保持剂、乳化剂、膨松剂、增稠剂	—、茶、果泥、糕点、蜜饯、饼干、食糖、月饼等	≤0.5 g/kg；部分类别按生产需要适量使用
148	没食子酸丙酯（简称“PG”）	propyl gallate (PG)	04.003	310	抗氧化剂	蛋卷、饼干、植物油、膨化食品、威化饼干、胶基糖果、动物油脂、其他饼干等	0.1~0.4 g/kg
149	玫瑰茄红	roselle red	08.125	—	着色剂	糖果、果蔬汁、配制酒、风味饮料、胶基糖果、果蔬固体饮料、果味风味固体饮料、除胶基糖果以外的其他糖果	部分类别按生产需要适量使用
150	酶解大豆磷脂	enzymatically decomposed soybean phospholipid	10.040	—	乳化剂	—、茶、蔬菜、酱油、果泥、糕点、糟蛋、食醋等	部分类别按生产需要适量使用
151	迷迭香提取物	rosemary extract	04.017	392	抗氧化剂	—、调味酱、调味汁、植物油、糟肉类、浓缩汤、肉丸类、白煮肉类等	0.15~0.7 g/kg
152	明胶	gelatin	20.002	428	增稠剂	—、茶、蔬菜、酱油、果泥、糕点、糟蛋、食醋等	部分类别按生产需要适量使用
153	木松香甘油酯	glycerol ester of wood rosin	10.041	445(iii)	乳化剂	糖果和巧克力制品包衣	≤0.32 g/kg
154	木糖醇	xylitol	19.007	967	甜味剂	—、茶、蔬菜、酱油、果泥、糕点、糟蛋、食醋等	部分类别按生产需要适量使用
155	木糖醇酐单硬脂酸酯	xylitan monostearate	10.007	—	乳化剂	月饼、糕点、面包、糖果、西式糕点、中式糕点、胶基糖果、糕点上彩装等	3~5 g/kg
156	纳他霉素	natamycin	17.030	235	防腐剂	月饼、果酒、糕点、黄酒、发酵酒、糟肉类、蜂蜜酒、白煮肉类等	0.02~0.3 g/kg
159	柠檬酸	citric acid	01.101	330	酸度调节剂、抗氧化剂	—、茶、酒类、皮蛋、月饼、花粉、水果、果泥等	部分类别按生产需要适量使用
160	柠檬酸钾	tripotassium citrate	01.304	332(ii)	酸度调节剂	—、茶、蔬菜、酱油、果泥、糕点、糟蛋、食醋等	部分类别按生产需要适量使用
161	柠檬酸钠	trisodium citrate	01.303	331(iii)	酸度调节剂、稳定剂	—、茶、蔬菜、酱油、果泥、糕点、糟蛋、食醋等	部分类别按生产需要适量使用
162	柠檬酸铁铵	ferric ammonium citrate	02.010	381	抗结剂	盐及代盐制品	≤0.025 g/kg
163	柠檬酸亚锡二钠	disodium stannous citrate	18.006	—	稳定剂和凝固剂	蔬菜罐头、水果罐头、食用菌和藻类罐头	≤0.3 g/kg
164	柠檬酸一钠	sodium dihydrogen citrate	01.306	331(i)	酸度调节剂	—、茶、蔬菜、酱油、果泥、糕点、糟蛋、食醋等	部分类别按生产需要适量使用
165	柠檬酸脂肪酸甘油酯	citric and fatty acid esters of glycerol	10.032	472c	乳化剂	—、茶、蔬菜、酱油、果泥、糕点、糟蛋、食醋等	≤24 g/kg；部分类别按生产需要适量使用
36	纽甜（又名N-[N-（3，3-二甲基丁基）]-L-α-天门冬氨-L-苯丙氨酸1-甲酯）	neotame	19.019	961	甜味剂	—、茶、果泥、糕点、食醋、蜜饯、饼干、黄酒等	0.01~1 g/kg；部分类别按生产需要适量使用
170	偏酒石酸	metatartaric acid	01.105	353	酸度调节剂	水果罐头	部分类别按生产需要适量使用
171	葡萄皮红	grape skin extract	08.135	163(ii)	着色剂	茶、—、月饼、糕点、蛋卷、糖果、咖啡、果酱等	1~2.5 g/kg
172	葡萄糖酸-δ-内酯	glucono delta-lactone	18.007	575	稳定和凝固剂、酸度调节剂	—、茶、蔬菜、酱油、果泥、糕点、糟蛋、食醋等	部分类别按生产需要适量使用
173	葡萄糖酸钠	sodium gluconate	01.312	576	酸度调节剂	—、茶、蔬菜、酱油、果泥、糕点、糟蛋、食醋等	部分类别按生产需要适量使用
174	葡萄糖酸亚铁	ferrous gluconate	09.005	579	护色剂	腌渍的蔬菜	≤0.15 g/kg
175	普鲁兰多糖	pullulan	14.011	1204	被膜剂、增稠剂	—、其他、糖果、调味酱、果蔬汁、调味汁、浓缩汤、胶基糖果等	3~50 g/kg；部分类别按生产需要适量使用
176	羟丙基淀粉	hydroxypropyl starch	20.014	1440	增稠剂、膨松剂、乳化剂、稳定剂	—、茶、蔬菜、酱油、果泥、糕点、糟蛋、食醋等	部分类别按生产需要适量使用
177	羟丙基二淀粉磷酸酯	hydroxypropyl distarch phosphate	20.016	1442	增稠剂	—、茶、蔬菜、酱油、果泥、糕点、糟蛋、食醋等	部分类别按生产需要适量使用
178	羟丙基甲基纤维素（简称“HPMC”）	hydroxypropyl methyl cellulose	20.028	464	增稠剂	—、茶、蔬菜、酱油、果泥、糕点、糟蛋、食醋等	部分类别按生产需要适量使用
179	羟基硬脂精（又名氧化硬脂精）	oxystearin	00.017	387	抗氧化剂	植物油、动物油脂、植物油脂、氢化植物油、无水黄油，无水乳脂、基本不含水的脂肪和油	≤0.5 g/kg
180	氢化松香甘油酯	glycerol ester of hydrogenated rosin	10.013	—	乳化剂	果蔬汁、风味饮料、果蔬固体饮料、果味风味固体饮料、经表面处理的鲜水果	0.1~0.5 g/kg
181	氢氧化钙	calcium hydroxide	01.202	526	酸度调节剂	调制乳、婴儿配方食品、婴幼儿配方食品、调制乳粉和调制奶油粉、较大婴儿和幼儿配方食品、特殊医学用途婴儿配方食品、乳粉和奶油粉及其调制产品	部分类别按生产需要适量使用
182	氢氧化钾	potassium hydroxide	01.203	525	酸度调节剂	蛋卷、饼干、威化饼干、其他饼干、婴儿配方食品、婴幼儿配方食品、夹心及装饰类饼干、调制乳粉和调制奶油粉等	部分类别按生产需要适量使用
183	琼脂	agar	20.001	406	增稠剂	—、茶、蔬菜、酱油、果泥、糕点、糟蛋、食醋等	部分类别按生产需要适量使用
185	溶菌酶	lysozyme	17.035	1105	防腐剂	果酒、黄酒、蜂蜜酒、发酵酒、熟化干酪、乳清干酪、非熟化干酪、干酪类似品等	≤0.5 g/kg；部分类别按生产需要适量使用
186	肉桂醛	cinnamaldehyde	17.012	—	防腐剂	经表面处理的鲜水果	部分类别按生产需要适量使用
187	乳酸	lactic acid	01.102	270	酸度调节剂	—、茶、蔬菜、酱油、果泥、糕点、糟蛋、食醋等	部分类别按生产需要适量使用
188	乳酸钙	calcium lactate	01.310	327	酸度调节剂、抗氧化剂、乳化剂、稳定剂和凝固剂、增稠剂	—、果泥、果冻、蜜饯、糖果、果酱、调味酱、果蔬粉等	1~21.6 g/kg；部分类别按生产需要适量使用
189	乳酸钾	potassium lactate	15.011	326	水分保持剂	—、茶、蔬菜、酱油、果泥、糕点、糟蛋、食醋等	部分类别按生产需要适量使用
191	乳酸钠	sodium lactate	15.012	325	水分保持剂、酸度调节剂、抗氧化剂、膨松剂、增稠剂、稳定剂	—、茶、蔬菜、酱油、果泥、糕点、糟蛋、食醋等	≤2.4 g/kg；部分类别按生产需要适量使用
192	乳酸脂肪酸甘油酯	lactic and fatty acid esters of glycerol	10.031	472b	乳化剂	—、茶、蔬菜、酱油、果泥、糕点、糟蛋、食醋等	≤5 g/kg；部分类别按生产需要适量使用
193	乳糖醇（又名4－β－D吡喃半乳糖－D－山梨醇）	lactitol	19.014	966	乳化剂、稳定剂、增稠剂、甜味剂	—、茶、蔬菜、酱油、果泥、糕点、糟蛋、食醋等	部分类别按生产需要适量使用
194	乳糖酶	lactase	00.023	—	其他	—、稀奶油、调制乳、调制炼乳、调制稀奶油、风味发酵乳、稀奶油类似品、调制乳粉和调制奶油粉	部分类别按生产需要适量使用
196	三赞胶	sanzan gum	20.047	—	增稠剂、稳定剂、凝固剂	果蔬汁、调制乳、风味饮料、肉灌肠类、果蔬固体饮料、植物蛋白饮料、风味固体饮料、复合蛋白饮料等	0.5~5 g/kg
197	桑椹红	mulberry red	08.129	—	着色剂	果酒、果冻、糖果、果糕类、果蔬汁、风味饮料、胶基糖果、果蔬固体饮料等	1.5~5 g/kg
198	沙蒿胶	rtemisia gum (sa-hao seed gum)	20.037	—	增稠剂	肉丸类、杂粮罐头、肉灌肠类、杂粮制品、西式火腿、调理肉制品、生干面制品、预制肉制品等	0.3~0.5 g/kg
199	沙棘黄	hippophae rhamnoides yellow	08.124	—	着色剂	氢化植物油、糕点上彩装	1~1.5 g/kg
202	山梨糖醇，山梨糖醇液	sorbitol and sorbitol syrup	19.006,19.023	420(i),420(ii)	甜味剂、膨松剂、乳化剂、水分保持剂、稳定剂、增稠剂	—、茶、酱油、糕点、食醋、饼干、食糖、月饼等	20~30 g/kg；部分类别按生产需要适量使用
203	双乙酸钠（又名二醋酸钠）	sodium diacetate	17.013	262(ii)	防腐剂	—、月饼、酱油、糕点、食醋、粉圆、原粮、豆干类等	1~10 g/kg
204	双乙酰酒石酸单双甘油酯（简称“DATEM”）	diacetyle tartaric acid esters of mono (di)glycerides (DATEM)	10.010	472e	乳化剂、增稠剂	—、茶、果泥、糕点、蜜饯、饼干、黄酒、面糊等	0.001~50 g/kg
200	司盘类[包括山梨醇酐单月桂酸酯（又名司盘20），山梨醇酐单棕榈酸酯（又名司盘40），山梨醇酐单硬脂酸酯（又名司盘60），山梨醇酐三硬脂酸酯（又名司盘65），山梨醇酐单油酸酯（又名司盘80）]	sorbitan esters of fatty acids, sorbitan monolaurate, sorbitan monopalmitate, sorbitan monostearate, sorbitan tristearate, sorbitan monooleate	10.024,10.008,10.003,10.004,10.005	493,495,491,492,494	乳化剂	—、糕点、饼干、月饼、面包、蛋卷、干酵母、调制乳等	0.5~15 g/kg
205	松香季戊四醇酯	pentaerythritol ester of wood rosin	14.005	—	被膜剂	经表面处理的鲜水果、经表面处理的新鲜蔬菜	≤0.09 g/kg
206	酸处理淀粉	acid treated starch	20.032	1401	增稠剂	—、茶、蔬菜、酱油、果泥、糕点、糟蛋、食醋等	部分类别按生产需要适量使用
207	酸性红（又名偶氮玉红）	carmoisine (azorubine)	08.013	122	着色剂	—、糖果、冷冻饮品、可可制品、胶基糖果、装饰糖果、其他冷冻饮品、冰淇淋、雪糕类等	≤0.05 g/kg
208	羧甲基淀粉钠	sodium carboxy methyl starch	20.012	—	增稠剂	果酱、面包、调味酱、酿造酱、方便米面制品、冰淇淋、雪糕类	0.02~15 g/kg
209	羧甲基纤维素钠	sodium carboxy methyl cellulose	20.003	466	增稠剂、稳定剂	—、茶、蔬菜、酱油、果泥、糕点、糟蛋、食醋等	部分类别按生产需要适量使用
210	索马甜	thaumatin	19.020	957	甜味剂	茶、—、月饼、糕点、蛋卷、咖啡、面包、饼干等	≤0.025 g/kg；部分类别按生产需要适量使用
211	碳酸铵	ammonium carbonate	06.009	503(i)	膨松剂	蛋卷、饼干、威化饼干、其他饼干、夹心及装饰类饼干	部分类别按生产需要适量使用
212	碳酸钙（包括轻质碳酸钙，重质碳酸钙）	calcium carbonate (light and heavy)	13.006	170(i)	膨松剂、面粉处理剂、稳定剂	—、茶、蔬菜、酱油、果泥、糕点、糟蛋、食醋等	≤0.03 g/kg；部分类别按生产需要适量使用
213	碳酸钾	potassium carbonate	01.301	501(i)	酸度调节剂	—、茶、蔬菜、酱油、果泥、糕点、糟蛋、食醋等	≤60 g/kg；部分类别按生产需要适量使用
214	碳酸镁（包括轻质碳酸镁，重质碳酸镁）	magnesium carbonate	13.005	504(i)	面粉处理剂、膨松剂、稳定剂、抗结剂	—、果蔬粉、小麦粉、固体饮料、速溶咖啡、通用小麦粉、专用小麦粉、蛋白固体饮料等	1.5~10 g/kg
215	碳酸钠	sodium carbonate	01.302	500(i)	酸度调节剂	—、茶、蔬菜、酱油、果泥、糕点、糟蛋、食醋等	部分类别按生产需要适量使用
216	碳酸氢铵	ammonium hydrogen carbonate	06.002	503(ii)	膨松剂	—、茶、蔬菜、酱油、果泥、糕点、糟蛋、食醋等	部分类别按生产需要适量使用
217	碳酸氢钾	potassium hydrogen carbonate	01.307	501(ii)	酸度调节剂	—、茶、蔬菜、酱油、果泥、糕点、糟蛋、食醋等	部分类别按生产需要适量使用
219	碳酸氢三钠（又名倍半碳酸钠）	sodium sesquicarbonate	01.305	500(iii)	酸度调节剂	—、月饼、糕点、蛋卷、饼干、淡炼乳、调制乳、稀奶油等	部分类别按生产需要适量使用
224	天门冬酰苯丙氨酸甲酯乙酰磺胺酸	aspartame-acesulfame salt	19.021	962	甜味剂	—、茶、酱油、食醋、糖果、果酱、咖啡、调味酱等	0.2~5 g/kg；部分类别按生产需要适量使用
225	天然胡萝卜素	natural carotene	08.147	160a(ii)	着色剂	—、茶、蔬菜、酱油、果泥、糕点、糟蛋、食醋等	部分类别按生产需要适量使用
226	天然苋菜红	natural amaranthus red	08.130	—	着色剂	—、果冻、蜜饯、糖果、果蔬汁、果糕类、配制酒、话化类等	≤0.25 g/kg
227	田菁胶	sesbania gum	20.021	—	增稠剂	面包、生干面制品、植物蛋白饮料、方便米面制品、冰淇淋、雪糕类、植物蛋白固体饮料	1~5 g/kg
228	甜菜红	beet red	08.101	162	着色剂	—、茶、蔬菜、酱油、果泥、糕点、糟蛋、食醋等	部分类别按生产需要适量使用
229	甜菊糖苷	steviol glycosides	19.008	960a	甜味剂	—、茶、酱油、糕点、食醋、蜜饯、饼干、月饼等	0.09~10 g/kg；部分类别按生产需要适量使用
106	吐温类[包括聚氧乙烯（20）山梨醇酐单月桂酸酯（又名吐温20），聚氧乙烯（20）山梨醇酐单棕榈酸酯（又名吐温40），聚氧乙烯（20）山梨醇酐单硬脂酸酯（又名吐温60），聚氧乙烯（20）山梨醇酐单油酸酯（又名吐温80）]	polysorbates, polyoxyethylene (20) sorbitan monolaurate, polyoxyethylene (20) sorbitan monopalmitate, polyoxyethylene (20) sorbitan monostearate, polyoxyethylene (20) sorbitan monooleate	10.025,10.026,10.015,10.016	432,434,435,433	乳化剂、稳定剂	茶、—、月饼、糕点、咖啡、面包、调味酱、饮料类等	0.5~5 g/kg
231	脱乙酰甲壳素（又名壳聚糖）	deacetylated chitin (chitosan)	20.026	—	增稠剂、被膜剂	肉灌肠类、西式火腿	≤6 g/kg
232	微晶纤维素	microcrystallin cellulose	02.005	460(i)	抗结剂、增稠剂、稳定剂	—、茶、蔬菜、酱油、果泥、糕点、糟蛋、食醋等	部分类别按生产需要适量使用
233	维生素E（包括dl-α-生育酚，d-α-生育酚，混合生育酚浓缩物）	vitamine E (dl-α-tocopherol , d-α- tocopherol , mixed tocopherol concentrate)	04.016	307	抗氧化剂	茶、—、面糊、咖啡、调味酱、果蔬汁、调味汁、植物油等	0.085~0.5 g/kg；部分类别按生产需要适量使用
234	稳定态二氧化氯	stabilized chlorine dioxide	17.028	926	防腐剂	鱼肉灌肠类、熟制水产品、熟干水产品、冷冻水产品、发酵水产品、冷冻挂浆制品、熏、烤水产品、水产及其制品等	0.01~0.05 g/kg
235	纤维素	cellulose	02.012	460	抗结剂、稳定剂和凝固剂、增稠剂	月饼、面糊、糕点、蛋卷、饼干、面包、调味酱、酿造酱等	部分类别按生产需要适量使用
236	苋菜红及其铝色淀（包括苋菜红，苋菜红铝色淀）	amaranth, amaranth aluminum lake	08.001	123	着色剂	—、果冻、蜜饯、糖果、果酱、果蔬汁、果蔬粉、果糕类等	0.025~0.3 g/kg
237	橡子壳棕	acorn shell brown	08.126	—	着色剂	配制酒、可乐型碳酸饮料	0.3~1 g/kg
239	辛，癸酸甘油酯	octyl and decyl glycerate	10.018	—	乳化剂	茶、—、糖果、咖啡、饮料类、果蔬粉、果蔬汁、固体饮料等	部分类别按生产需要适量使用
240	辛烯基琥珀酸淀粉钠	starch sodium octenyl succinate	10.030	1450	乳化剂，其他	—、茶、蔬菜、酱油、果泥、糕点、糟蛋、食醋等	≤150 g/kg；部分类别按生产需要适量使用
241	新红及其铝色淀（包括新红，新红铝色淀）	new red, new red aluminum lake	08.004	—	着色剂	糖果、果蔬汁、配制酒、胶基糖果、碳酸饮料、风味饮料、装饰糖果、装饰性果蔬等	0.05~0.1 g/kg
242	亚麻籽胶（又名富兰克胶）	linseed gum	20.020	—	增稠剂	茶、—、咖啡、肉松类、饮料类、果蔬粉、肉干类、糟肉类等	0.3~5 g/kg
243	亚铁氰化钾，亚铁氰化钠	potassium ferrocyanide, sodium ferrocyanide	02.001,02.008	536,535	抗结剂	盐及代盐制品	≤0.01 g/kg
245	胭脂虫红及其铝色淀（包括胭脂虫红，胭脂虫红铝色淀）	carmine cochineal, carmine cochineal aluminum lake	08.145	120	着色剂	—、茶、糕点、粉圆、饼干、面糊、月饼、果冻等	0.05~1 g/kg；部分类别按生产需要适量使用
247	胭脂树橙（又名红木素，降红木素）	annatto extracts	08.144	160b	着色剂	—、茶、糕点、粉圆、饼干、面糊、月饼、果冻等	0.01~0.6 g/kg；部分类别按生产需要适量使用
248	盐酸	hydrochloric acid	01.108	507	酸度调节剂	蛋黄酱、沙拉酱	部分类别按生产需要适量使用
249	杨梅红	mynica red	08.149	—	着色剂	茶、—、果冻、糖果、咖啡、饮料类、果蔬粉、果蔬汁等	0.1~0.2 g/kg
250	氧化淀粉	oxidized starch	20.030	1404	增稠剂	—、茶、蔬菜、酱油、果泥、糕点、糟蛋、食醋等	部分类别按生产需要适量使用
251	氧化羟丙基淀粉	oxidized hydroxypropyl starch	20.033	—	增稠剂	—、茶、蔬菜、酱油、果泥、糕点、糟蛋、食醋等	部分类别按生产需要适量使用
252	氧化铁黑，氧化铁红	iron oxide black, iron oxide red	08.014,08.015	172(i),172(ii)	着色剂	糖果和巧克力制品包衣	≤0.02 g/kg
253	叶黄素	lutein	08.146	161b(i)	着色剂	茶、—、月饼、果冻、糕点、蛋卷、糖果、咖啡等	0.05~0.15 g/kg
254	叶绿素铜	copper chlorophyll	08.153	141(i)	着色剂	月饼、糕点、蛋卷、面包、饼干、糖果、稀奶油、西式糕点等	部分类别按生产需要适量使用
255	叶绿素铜钠盐，叶绿素铜钾盐	chlorophyllin copper complex, sodium and potassium salts	08.009,08.155	141(ii)	着色剂	—、茶、糕点、粉圆、饼干、月饼、果冻、糖果等	≤0.5 g/kg；部分类别按生产需要适量使用
256	液体二氧化碳（煤气化法）	carbon dioxide	17.034	—	防腐剂	碳酸饮料、固体碳酸饮料、其他发酵酒类、可乐型碳酸饮料、其他型碳酸饮料、其他型固体碳酸饮料、可乐型固体碳酸饮料	部分类别按生产需要适量使用
257	乙二胺四乙酸二钠	disodium ethylene-diamine-tetra-acetate	18.005	386	稳定剂、凝固剂、抗氧化剂、防腐剂	茶、—、咖啡、果酱、调味酱、饮料类、果蔬粉、调味汁等	0.03~0.25 g/kg
258	乙二胺四乙酸二钠钙	calcium disodium ethylene-diamine-tetra-acetate	04.020	385	抗氧化剂	—、调味酱、调味汁、浓缩汤、固体汤料、复合调味料、肉汤、骨汤、鸡精、鸡粉等	≤0.075 g/kg
259	乙酸钠（又名醋酸钠）	sodium acetate	00.013	262(i)	酸度调节剂、防腐剂	—、调味酱、调味汁、浓缩汤、膨化食品、油炸肉类、肉灌肠类、固体汤料等	1~10 g/kg；部分类别按生产需要适量使用
260	乙酰化单、双甘油脂肪酸酯	acetylated mono- and diglyceride (acetic and fatty acid esters of glycerol)	10.027	472a	乳化剂	—、茶、蔬菜、酱油、果泥、糕点、糟蛋、食醋等	部分类别按生产需要适量使用
261	乙酰化二淀粉磷酸酯	acetylated distarch phosphate	20.015	1414	增稠剂	—、茶、蔬菜、酱油、果泥、糕点、糟蛋、食醋等	部分类别按生产需要适量使用
262	乙酰化双淀粉己二酸酯	acetylated distarch adipate	20.031	1422	增稠剂	—、茶、蔬菜、酱油、果泥、糕点、糟蛋、食醋等	部分类别按生产需要适量使用
264	乙氧基喹	ethoxy quin	17.010	324	防腐剂	经表面处理的鲜水果	部分类别按生产需要适量使用
266	异构化乳糖	isomerized lactose	00.003	—	其他	茶、—、蛋卷、咖啡、饼干、饮料类、果蔬粉、果蔬汁等	1.5~15 g/kg
267	异麦芽酮糖	isomaltulose (palatinose)	19.003	—	甜味剂	—、茶、糕点、蜜饯、饼干、月饼、糖果、果酱等	部分类别按生产需要适量使用
268	硬脂酸（又名十八烷酸）	stearic acid (octadecanoic acid)	14.009	570	被膜剂	糖果、可可制品、胶基糖果、装饰糖果、糖果和巧克力制品包衣、代可可脂巧克力及其制品、除胶基糖果以外的其他糖果、可可制品、巧克力和巧克力制品等	≤1.2 g/kg
269	硬脂酸钙	calcium stearate	10.039	—	乳化剂、抗结剂	固体汤料、香辛料及粉、鸡精、鸡粉、固体复合调味料、其他固体复合调味料	≤20 g/kg
270	硬脂酸钾	potassium stearate	10.028	—	乳化剂、抗结剂	月饼、糕点、西式糕点、中式糕点、香辛料及粉、糕点上彩装	0.18~20 g/kg
271	硬脂酸镁	magnesium stearate	02.006	470(iii)	乳化剂、抗结剂	—、蜜饯、糖果、果糕类、话化类、果脯类、可可制品、胶基糖果等	≤0.8 g/kg；部分类别按生产需要适量使用
272	硬脂酰乳酸钠，硬脂酰乳酸钙	sodium stearoyl lactylate, calcium stearoyl lactylate	10.011,10.009	481(i),482(i)	乳化剂、稳定剂	茶、月饼、糕点、蛋卷、咖啡、果酱、面包、饼干等	0.3~5 g/kg
274	玉米黄	corn yellow	08.116	—	着色剂	糖果、胶基糖果、氢化植物油、除胶基糖果以外的其他糖果	≤5 g/kg
275	越橘红	cowberry red	08.105	—	着色剂	—、果蔬汁、风味饮料、冷冻饮品、果蔬固体饮料、其他冷冻饮品、冰淇淋、雪糕类、风味冰、冰棍类等	部分类别按生产需要适量使用
276	藻蓝	spirulina blue	08.137	—	着色剂	—、果冻、糖果、果蔬汁、风味饮料、冷冻饮品、胶基糖果、香辛料及粉等	≤0.8 g/kg
277	皂荚糖胶	gleditsia sinenis lam gum	20.029	—	增稠剂	茶、—、酱油、食醋、咖啡、调味酱、饮料类、果蔬粉等	≤4 g/kg
278	皂树皮提取物	quillaia extract	10.042	999	乳化剂	果蔬汁、含乳饮料、蛋白饮料、碳酸饮料、风味饮料、乳酸菌饮料、蛋白固体饮料、果蔬固体饮料等	≤0.05 g/kg
279	蔗糖脂肪酸酯	sucrose esters of fatty acids	10.001	473	乳化剂	—、茶、酱油、糕点、食醋、饼干、面糊、鲜蛋等	1.5~10 g/kg
280	栀子黄	gardenia yellow	08.112	164	着色剂	—、酱油、糕点、食醋、饼干、月饼、果冻、糖果等	0.3~1.5 g/kg
281	栀子蓝	gardenia blue	08.123	165	着色剂	—、酱油、糕点、食醋、饼干、月饼、糖果、果酱等	0.2~1 g/kg
282	植酸（又名肌醇六磷酸），植酸钠	phytic acid (inositol hexaphosphoric acid), sodium phytate	04.006,04.025	391,—	抗氧化剂	—、果泥、蜜饯、果酱、果蔬汁、植物油、果糕类、糟肉类等	≤0.2 g/kg；部分类别按生产需要适量使用
283	植物炭黑	vegetable carbon	08.138	153	着色剂	—、月饼、糕点、蛋卷、粉圆、糖果、果酱、饼干等	1.5~5 g/kg；部分类别按生产需要适量使用
284	竹叶抗氧化物	antioxidant of bamboo leaves	04.019	—	抗氧化剂	茶、月饼、糕点、蛋卷、面包、饼干、果蔬汁、植物油等	≤0.5 g/kg
285	紫草红	gromwell red	08.140	—	着色剂	—、月饼、果酒、糕点、蛋卷、饼干、果蔬汁、西式糕点等	0.1~1 g/kg
286	紫甘薯色素	purple sweet potato colour	08.154	—	着色剂	—、糖果、果蔬汁、配制酒、冷冻饮品、胶基糖果、糕点上彩装、果蔬固体饮料等	0.1~0.2 g/kg
287	紫胶（又名虫胶）	shellac	14.001	904	被膜剂，胶姆糖基础剂、着色剂	可可制品、威化饼干、胶基糖果、胶原蛋白肠衣、经表面处理的鲜水果、代可可脂巧克力及其制品、除胶基糖果以外的其他糖果、巧克力和巧克力制品、除05.01.01以外的可可制品等	0.2~3 g/kg；部分类别按生产需要适量使用
288	紫胶红（又名虫胶红）	lac dye red (lac red)	08.104	—	着色剂	—、糖果、果酱、调味酱、果蔬汁、调味汁、配制酒、浓缩汤等	≤0.5 g/kg
289	混合三烯生育酚浓缩物	Mixed tocotrienol tocopherol concentrate			抗氧化剂	植物油、植物油脂、氢化植物油	≤0.2 g/kg
290	羟基酪醇	Hydroxytyrosol			抗氧化剂	植物油、植物油脂、氢化植物油	≤0.05 g/kg
